DELETE FROM soft;
DELETE FROM installs;
DELETE FROM pcs;
DELETE FROM rooms;
DELETE FROM employees;
INSERT INTO soft (id,sname,ver,quant) VALUES
	(1,102568,10,13),
	(2,499836,3,9),
	(3,456892,9,7),
	(4,163878,1,13),
	(5,802837,2,7);
INSERT INTO installs (pc_id,soft_id) VALUES
	(1,4),
	(1,1),
	(2,4),
	(2,2),
	(3,4),
	(3,0),
	(4,5),
	(4,3),
	(5,4),
	(5,4),
	(6,0),
	(6,4),
	(7,0),
	(7,2),
	(8,1),
	(8,0),
	(9,3),
	(9,0),
	(10,3),
	(10,5),
	(11,0),
	(11,1),
	(12,2),
	(12,2),
	(13,1),
	(13,5),
	(14,5),
	(14,1),
	(15,1),
	(15,5),
	(16,4),
	(16,4),
	(17,3),
	(17,1),
	(18,2),
	(18,1),
	(19,5),
	(19,0),
	(20,2),
	(20,0),
	(21,3),
	(21,2),
	(22,4),
	(22,4),
	(23,1),
	(23,0),
	(24,2),
	(24,0),
	(25,1),
	(25,1),
	(26,2),
	(26,4),
	(27,3),
	(27,3),
	(28,3),
	(28,1),
	(29,4),
	(29,5),
	(30,1),
	(30,0);
INSERT INTO pcs(id,room_id,ip_addr,mac_addr) VALUES
	(1,1,5.56,'C8_69_CD_EE_DD_01'),
	(2,1,5.56,'C8_69_CD_EE_DD_02'),
	(3,2,5.56,'C8_69_CD_EE_DD_03'),
	(4,2,5.56,'C8_69_CD_EE_DD_04'),
	(5,3,5.56,'C8_69_CD_EE_DD_05'),
	(6,3,5.56,'C8_69_CD_EE_DD_06'),
	(7,4,5.56,'C8_69_CD_EE_DD_07'),
	(8,4,5.56,'C8_69_CD_EE_DD_08'),
	(9,5,5.56,'C8_69_CD_EE_DD_09'),
	(10,5,5.56,'C8_69_CD_EE_DD_10'),
	(11,6,5.56,'C8_69_CD_EE_DD_11'),
	(12,6,5.56,'C8_69_CD_EE_DD_12'),
	(13,7,5.56,'C8_69_CD_EE_DD_13'),
	(14,7,5.56,'C8_69_CD_EE_DD_14'),
	(15,8,5.56,'C8_69_CD_EE_DD_15'),
	(16,8,5.56,'C8_69_CD_EE_DD_16'),
	(17,9,5.56,'C8_69_CD_EE_DD_17'),
	(18,9,5.56,'C8_69_CD_EE_DD_18'),
	(19,10,5.56,'C8_69_CD_EE_DD_19'),
	(20,10,5.56,'C8_69_CD_EE_DD_20'),
	(21,11,5.56,'C8_69_CD_EE_DD_21'),
	(22,11,5.56,'C8_69_CD_EE_DD_22'),
	(23,12,5.56,'C8_69_CD_EE_DD_23'),
	(24,12,5.56,'C8_69_CD_EE_DD_24'),
	(25,13,5.56,'C8_69_CD_EE_DD_25'),
	(26,13,5.56,'C8_69_CD_EE_DD_26'),
	(27,14,5.56,'C8_69_CD_EE_DD_27'),
	(28,14,5.56,'C8_69_CD_EE_DD_28'),
	(29,15,5.56,'C8_69_CD_EE_DD_29');
INSERT INTO rooms(id,num,emp_id) VALUES
	(1,101,1),
	(2,102,3),
	(3,103,4),
	(4,104,6),
	(5,105,6),
	(6,201,9),
	(7,202,7),
	(8,203,1),
	(9,204,5),
	(10,205,6),
	(11,301,9),
	(12,302,7),
	(13,303,10),
	(14,304,8),
	(15,305,5);
INSERT INTO employees(id,lname,fname,mname) VALUES
	(1,'yaroslavlev','nikita','sergeevich'),
	(2,'smetanina','anastasia','dmitrievna'),
	(3,'zakharov','ivan','vasilievich'),
	(4,'kiselev','sergey','konstantinovich'),
	(5,'trofimov','grigory','andreevich'),
	(6,'vlasova','christina','sergeevna'),
	(7,'miterin','dmitry','sergeevich'),
	(8,'andropov','vasily','abramovich'),
	(9,'matyushin','egor','vitalievich'),
	(10,'botilova','elizoveta','andreevna');
